Generations,Time,AvgFitness
1,0,0
2,15.14094,4717.9
3,30.17335,4873.8
4,45.26722,5636.6
5,60.52784,5714.533
6,75.68469,5947.367
7,90.71407,6475.333
8,105.791,6616.867
9,121.0148,6680.867
